#primer,forward,Tm,CG,reverse,Tm,CG
1426f6f9b97f501a,AAACGGCTACCACATCC,52,0.53,GGTATTTGCTACGGCTG,52,0.53
24555f6837b9651f,TTCTTAGTTGGTGGAGTG,52,0.44,GTCCAGACACTACGGGA,54,0.59
2afb9ade5ef548f,ACAGGGAGGTAGTGACA,52,0.53,CTTGCTTTCAATCCCCTA,52,0.44
33c14baf2ac76276,GGCTACCACATCCAAGG,54,0.59,CTTGCTTTCAATCCCCTA,52,0.44
35050c2634d666c7,GGCTACCACATCCAAGG,54,0.588,GTGTCCCTCCATCACTGTT,58,0.526
38f9227a340f05e,GCCGTTCTTAGTTGGTG,52,0.53,GTCCAGACACTACGGGA,54,0.59
3f32736b9d094915,TGAAACACGGACCAAGG,52,0.53,CTCCTTTGAGACCACCT,52,0.53
412d47502c9c1b,TTCTTAGTTGGTGGAGTG,52,0.44,TCTACAAGACCCGGCGT,54,0.59
4dbdfed2605e324,CCCTGTCCTCCTATTTTC,54,0.5,CTACGGCTGGTCGCTAA,54,0.59
57bc43fe1080644d,TAGGTGCCGAGAAGATG,52,0.53,CACTTGGACGCCTTCCT,54,0.59
5f5fdc94bf3f7db4,TTCTTAGTTGGTGGAGTG,52,0.44,CCTTCAAACTCCGTTATTG,54,0.42
6f74c4dbf4ceae12,TCTGCCAAGGATGTTTTC,52,0.44,CTACGGCTGGTCGCTAA,54,0.59
7aab6403d6856205,AAATCTCAACGCATACTGC,54,0.42,CGAAACATAGGGCGAAC,52,0.53
7e079b504409f8c0,ACCGTGAGGGAAAGATG,52,0.53,ACTTTGTGCCTGGTTCC,52,0.53
8d14274d691d15e5,GGCTACCACATCCAAGG,54,0.59,CATACCAGCGTTCCGAC,54,0.59
96c04483d9557b08,CACAGGGAGGTAGTGAC,54,0.59,ACCTCCCGTTCAGACCA,54,0.59
af8f7968a5ee777e,GGTCTGTGATGCTCCTC,54,0.59,CCTTACAGAGCATCCGC,54,0.59
b099967d0f5ac180,GTGAGGATTGACAGATTG,52,0.44,GGCAAGAATCAACCACC,52,0.53
b7488789aaf96d7b,TGGTGGGTTGCCTTGTC,54,0.59,GTCCAGACACTACGGGA,54,0.59
b805fd5bf8167cc7,GATACCTTCCTCAATCAAG,54,0.42,ATCTCTGGTAACATCAGG,52,0.44
bbcb9dc15a5fc34c,GTGAACCTGCGGAAGGAT,56,0.56,TGTGTTGGGATACGCCA,52,0.53
c2ee8143ec040d5a,AGGGAGGTAGTGACAAG,52,0.53,AACTGCCTTCCCGTGGT,54,0.59
cb6c82029453de6a,GGCTACCACATCCAAGG,54,0.59,TGGCAGCATCAGAGTTG,52,0.53
cce22a01d74086cd,GGCTACCACATCCAAGG,54,0.59,CCTCATACCAGCGTTCC,54,0.59
d8d47dc9b873d02b,GGCTACCACATCCAAGG,54,0.59,CTTTCGTAAACGGTTCCT,52,0.44
d90e133cfe247ad5,GGCTACCACATCTAAGG,52,0.53,AACTGCCTTCCCGTGGT,54,0.59
eb59a790ece1766,AGCACCTTGTGAGAAATC,52,0.44,AACTAAGATACCCACCAC,52,0.44
ecb3cb9fe242b24e,GTGTCGCTCTTCTTCCC,54,0.59,CGAAACATAGGGCGAAC,52,0.53
edcd39cccec9d72a,AACACGGACCAAGGAGT,52,0.53,GGCTTTCTACCACTTGAT,52,0.44
f83f6dae50175268,TGCGGCTTAATTTGACTC,52,0.44,CACGTACCGGCAAGAATC,56,0.56
fcb8901444edb4b0,ACACGGGGAAACTTACC,52,0.53,GGCAAGAATCAACCACCT,54,0.5
